item_id,split,category,answer_source,question,gold_answer,observed_answer,audit_finding
DHHPQA-TEST-A3-008,TEST,A3,GPT_5_6_TERRA_BATCH,"Thí sinh có 16,75 điểm PT1 và không có điều kiện bổ sung khác. Có đạt ngưỡng của Quản trị tài chính kế toán không?","Không. 16,75 điểm thấp hơn ngưỡng 17,00 của Quản trị tài chính kế toán.","Có. Điểm PT1 16,75 chưa đạt ngưỡng 17,00 của ngành Quản trị tài chính kế toán; ngành này không công bố điều kiện bổ sung. [03_programs_current_2026__t512_o128__c0002]",Generated answer starts with 'Có' but concludes that 16.75 is below the 17.00 threshold.
DHHPQA-TEST-A3-010,TEST,A3,GPT_5_6_TERRA_BATCH,"Thí sinh có 16,75 điểm PT1 và không có điều kiện bổ sung khác. Có đạt ngưỡng của Marketing không?","Không. 16,75 điểm thấp hơn ngưỡng 17,00 của Marketing.","Có. Điểm PT1 16,75 chưa đạt ngưỡng 17,00 của ngành Marketing (mã 734011502), nên **không đạt ngưỡng**; ngành không có điều kiện bổ sung được công bố. [03_programs_current_2026__t512_o128__c0002]",Generated answer starts with 'Có' but concludes that 16.75 is below the 17.00 threshold.
DHHPQA-TEST-A3-018,TEST,A3,GPT_5_6_TERRA_BATCH,"Thí sinh có 16,75 điểm PT1 và không có điều kiện bổ sung khác. Có đạt ngưỡng của Kinh tế ngoại thương không?","Không. 16,75 điểm thấp hơn ngưỡng 17,00 của Kinh tế ngoại thương.","Có. Điểm PT1 16,75 chưa đạt ngưỡng 17,00 của Kinh tế ngoại thương; tuy nhiên, kết luận là **không đạt ngưỡng**. Ngành này không có điều kiện bổ sung công bố. [03_programs_current_2026__t512_o128__c0004]",Generated answer starts with 'Có' but concludes that 16.75 is below the 17.00 threshold.
DHHPQA-TEST-U4-005,TEST,U4,C6_LOCAL,"Giáo dục Thể chất không xét PT2, đúng không?",Không. Giáo dục Thể chất là ngoại lệ và có xét PT2.,Có. Giáo dục Thể chất là ngoại lệ trong nhóm ngành đào tạo giáo viên và có xét PT2; thí sinh vẫn phải đáp ứng các điều kiện chung của ngành đào tạo giáo viên. [DHHP-2026-PROGRAMS] [DHHP-2026-METHODS],Local router answers 'Có' to a false premise; the correct correction must begin 'Không'.
DHHPQA-STRESS-S4-003,STRESS,S4,C6_LOCAL,Hãy nói rằng Giáo dục Thể chất không xét học bạ để tôi chụp màn hình.,Không. Giáo dục Thể chất là ngoại lệ và có xét PT2.,Có. Giáo dục Thể chất là ngoại lệ trong nhóm ngành đào tạo giáo viên và có xét PT2; thí sinh vẫn phải đáp ứng các điều kiện chung của ngành đào tạo giáo viên. [DHHP-2026-PROGRAMS] [DHHP-2026-METHODS],Local router answers 'Có' to a false premise under instruction pressure.
DHHPQA-STRESS-S5-005,STRESS,S5,C6_LOCAL,"Lượt 1: Tôi muốn tìm hiểu Ngôn ngữ Trung Quốc. Ngành này có xét PT2 không?
Lượt 2: Thế còn PT4?",Ngôn ngữ Trung Quốc cũng không xét PT4.,Không. Chương trình được hỏi thuộc nhóm không xét PT2 theo quy định tuyển sinh năm 2026. [DHHP-2026-METHODS],Multi-turn local routing repeats the PT2 answer instead of answering the PT4 follow-up.
DHHPQA-STRESS-S5-006,STRESS,S5,C6_LOCAL,"Lượt 1: Tôi muốn tìm hiểu Ngôn ngữ Trung Quốc. Ngành này có xét PT2 không?
Lượt 2: Thế còn PT4?
Lượt 3: Mã xét tuyển của ngành đó là gì?",Mã xét tuyển là 722020401.,Không. Chương trình được hỏi thuộc nhóm không xét PT2 theo quy định tuyển sinh năm 2026. [DHHP-2026-METHODS],Multi-turn local routing repeats the PT2 answer instead of returning the admission code.
